{"schemaVersion":"1.0","appDefinitionTemplate":{"id":"/providers/Microsoft.PowerApps/apps/","type":"Microsoft.PowerApps/apps","tags":{"primaryDeviceWidth":"1366","primaryDeviceHeight":"768","supportsPortrait":"true","supportsLandscape":"true","primaryFormFactor":"Tablet","publisherVersion":"3.22083.10","minimumRequiredApiVersion":"2.2.0","hasComponent":"false","hasUnlockedComponent":"false","isUnifiedRootApp":"false","sienaVersion":"20220824T121126Z-3.22083.10.0"},"properties":{"appVersion":"2022-08-24T12:11:26Z","lifeCycleId":"Published","createdByClientVersion":{"major":3,"minor":22083,"build":10,"revision":0,"majorRevision":0,"minorRevision":0},"minClientVersion":{"major":3,"minor":22083,"build":10,"revision":0,"majorRevision":0,"minorRevision":0},"backgroundColor":"RGBA(0,176,240,1)","backgroundImageUri":"/17658520000927512515/Nbafc5d49-8c83-4231-8330-b82391c99346-logoSmallFile","displayName":"PA3","description":"","commitMessage":"","appUris":{"documentUri":{"value":"/17658520000927512515/N9d3b9189-a4b5-48e6-8669-9202f7cfa471-document.msapp"},"imageUris":[],"additionalUris":[]},"createdTime":"0001-01-01T00:00:00Z","lastModifiedTime":"0001-01-01T00:00:00Z","sharedGroupsCount":0,"sharedUsersCount":0,"icons":{"smallIconUri":"/17658520000927512515/N558afa2d-e772-4f8a-8210-f079d3607368-small.png","mediumIconUri":"/17658520000927512515/N3667c173-b914-4e17-8c43-4b21f09a75db-medium.png","largeIconUri":"/17658520000927512515/N3220f2bb-2bfe-4e92-a974-9cab95a63ad0-large.png","wideIconUri":"/17658520000927512515/N09c0edd8-b67b-4ea3-8150-8736cf804b08-wide.png"},"connectionReferences":{},"databaseReferences":{},"almMode":"Environment","performanceOptimizationEnabled":true,"canConsumeAppPass":true,"enableModernRuntimeMode":false,"executionRestrictions":{"isTeamsOnly":false,"dataLossPreventionEvaluationResult":{"status":"Compliant","lastEvaluationDate":"2022-08-24T09:46:07.3181054Z","violations":[],"violationsByPolicy":[],"violationErrorMessage":"The app uses the following connectors: ."}}},"appType":"ClassicCanvasApp","appComponents":[]}}