{"schemaVersion":"1.0","appDefinitionTemplate":{"id":"/providers/Microsoft.PowerApps/apps/","type":"Microsoft.PowerApps/apps","tags":{"primaryDeviceWidth":"640","primaryDeviceHeight":"1136","supportsPortrait":"true","supportsLandscape":"true","primaryFormFactor":"Phone","publisherVersion":"3.22083.10","minimumRequiredApiVersion":"2.2.0","hasComponent":"false","hasUnlockedComponent":"false","isUnifiedRootApp":"false","sienaVersion":"20220823T040723Z-3.22083.10.0"},"properties":{"appVersion":"2022-08-23T04:07:23Z","lifeCycleId":"Published","createdByClientVersion":{"major":3,"minor":22083,"build":10,"revision":0,"majorRevision":0,"minorRevision":0},"minClientVersion":{"major":3,"minor":22083,"build":10,"revision":0,"majorRevision":0,"minorRevision":0},"backgroundColor":"RGBA(0,176,240,1)","backgroundImageUri":"/1494848612108497071/N4eca214e-eae0-49c0-b612-c0e45df39a42-logoSmallFile","displayName":"Employee App","description":"","commitMessage":"","appUris":{"documentUri":{"value":"/1494848612108497071/N8bf7b960-bdd3-4260-a290-a56a613bf2e2-document.msapp"},"imageUris":[],"additionalUris":[]},"createdTime":"0001-01-01T00:00:00Z","lastModifiedTime":"0001-01-01T00:00:00Z","sharedGroupsCount":0,"sharedUsersCount":0,"icons":{"smallIconUri":"/1494848612108497071/Ndb55215c-8834-48c1-8c79-a89e944e54ce-small.png","mediumIconUri":"/1494848612108497071/Nab1f9ad0-e536-4ee8-9850-18328573b796-medium.png","largeIconUri":"/1494848612108497071/Ncb9b35c8-ccec-4874-9396-3971e45acd0f-large.png","wideIconUri":"/1494848612108497071/N5ead4a78-1c5e-4c6b-832a-442dc2a2fea3-wide.png"},"connectionReferences":{"fb4c7841-be2a-4567-9600-c5e3ef503c0b":{"id":"d3d0d743-4764-492b-a557-4ff51b2294d0","displayName":"SharePoint","iconUri":"https://connectoricons-prod.azureedge.net/releases/v1.0.1591/1.0.1591.2961/sharepointonline/icon.png","dataSources":["Employee DB"],"dependencies":[],"dependents":[],"parameterHints":{},"parameterHintsV2":{},"isOnPremiseConnection":false,"bypassConsent":false,"dataSets":{"https://appcas.sharepoint.com/sites/Dev":{"dataSources":{"Employee DB":{"tableName":"bf7ce807-e110-4415-b0b3-f24e50466722"}}}},"apiTier":"Standard","isCustomApiConnection":false,"actions":["providers/PowerPlatform.Governance/Operations/Read","providers/PowerPlatform.Governance/Operations/Write","providers/PowerPlatform.Governance/Operations/Delete"]}},"databaseReferences":{},"almMode":"Environment","performanceOptimizationEnabled":true,"canConsumeAppPass":true,"enableModernRuntimeMode":false,"executionRestrictions":{"isTeamsOnly":false,"dataLossPreventionEvaluationResult":{"status":"Compliant","lastEvaluationDate":"2022-08-22T13:31:57.4765819Z","violations":[],"violationsByPolicy":[],"violationErrorMessage":"The app uses the following connectors: shared_sharepointonline."}}},"appType":"ClassicCanvasApp","appComponents":[]}}